Id,Tickers,Analysis,Cleaned Analysis,VADER Compound,VADER Positive,VADER Negative,VADER Neutral,TextBlob Subjectivity,TextBlob Polarity,Weights VADER Compound,Weights VADER Positive,Weights TextBlob Polarity
1,AAPL,"During this period, Apple experienced varying levels of revenue growth. In FY 2018 (ending September 29, 2018), Apple reported revenue of $265.6 billion. This increased to $260.2 billion in FY 2019, representing a slight decrease year-over-year. However, in FY 2020, revenue rebounded significantly to $274.5 billion, primarily driven by strong sales of the iPhone 11 and iPhone SE.
Apple's net income also fluctuated during this period. In FY 2018, the company reported a net income of $59.5 billion, which increased slightly to $55.3 billion in FY 2019. However, in FY 2020, Apple's net income surged to $57.4 billion, reflecting improved profitability.
The company's earnings per share is an important metric for investors. In FY 2018, Apple's EPS was $11.91, which decreased to $11.89 in FY 2019. However, it rose to $12.73 in FY 2020, indicating better earnings per share despite a dip in net income in 2019.
AAPL's stock price also showed fluctuations during this period. The stock experienced strong gains in 2018 and 2019, with the share price reaching all-time highs. However, there was significant market volatility in 2020 due to the COVID-19 pandemic, which initially led to a sharp decline in AAPL's stock price but was followed by a strong recovery.
Apple is known for its dividend payments. The company increased its quarterly dividend in each of these years, demonstrating its commitment to returning value to shareholders.
During this period, Apple continued to diversify its product and service offerings. The company launched new iPhone models, introduced the Apple Card, expanded its services like Apple Music and Apple TV+, and made significant investments in wearables like the Apple Watch and AirPods. Apple's market capitalization continued to grow during this period, making it one of the most valuable companies in the world.",period apple experience vary level revenue growth fy 2018 end september 29 2018 apple report revenue 2656 billion increase 2602 billion fy 2019 represent slight decrease yearoveryear however fy 2020 revenue rebound significantly 2745 billion primarily drive strong sale iphone 11 iphone se apple net income also fluctuate period fy 2018 company report net income 595 billion increase slightly 553 billion fy 2019 however fy 2020 apple net income surge 574 billion reflect improve profitability company earn per share important metric investor fy 2018 apple eps 1191 decrease 1189 fy 2019 however rise 1273 fy 2020 indicate well earn per share despite dip net income 2019 aapls stock price also show fluctuation period stock experience strong gain 2018 2019 share price reach alltime high however significant market volatility 2020 due covid19 pandemic initially lead sharp decline aapls stock price follow strong recovery apple know dividend payment company increase quarterly dividend year demonstrate commitment return value shareholder period apple continue diversify product service offer company launch new iphone model introduce apple card expand service like apple music apple tv make significant investment wearable like apple watch airpods apple market capitalization continue grow period make one valuable company world,0.9937,0.252,0,0.748,0.46199362,0.154633174,0.06678,0.06704,0.08943
2,MSFT,"Microsoft experienced consistent revenue growth during this period. In the fiscal year 2018 (ending June 30, 2018), Microsoft reported revenue of $110.4 billion. This increased to $125.8 billion in FY 2019, representing robust growth. In FY 2020, revenue continued to climb, reaching $143 billion, driven by strong demand for its cloud services and productivity software.
Microsoft's net income also showed strong growth over these years. In FY 2018, the company reported a net income of $16.6 billion, which increased to $39.2 billion in FY 2019, reflecting a substantial improvement. In FY 2020, net income further rose to $44.3 billion, indicating sustained profitability.
Microsoft's EPS increased significantly during this period. In FY 2018, the EPS was $2.13, which surged to $5.06 in FY 2019, and further improved to $5.76 in FY 2020, demonstrating the company's strong earnings growth.
MSFT's stock price exhibited robust performance during this period. The share price saw consistent gains, and Microsoft became one of the world's most valuable publicly traded companies. The stock benefited from the company's strong financial performance and its position as a leader in cloud computing and productivity software.
Microsoft is known for its dividend payments and dividend growth. The company consistently increased its quarterly dividend during this period, providing income to shareholders.
Microsoft's success during this period was driven by its cloud computing segment, Azure, which experienced significant growth and gained market share. Additionally, the Office 365 suite and other productivity software continued to be popular among businesses and individuals.
Microsoft made strategic acquisitions during this period, including the purchase of GitHub, which enhanced its developer ecosystem, and the acquisition of LinkedIn, which added to its suite of business services.
Microsoft's market capitalization increased substantially, solidifying its position as one of the largest technology companies globally.",microsoft experience consistent revenue growth period fiscal year 2018 end june 30 2018 microsoft report revenue 1104 billion increase 1258 billion fy 2019 represent robust growth fy 2020 revenue continue climb reach 143 billion drive strong demand cloud service productivity software microsofts net income also show strong growth year fy 2018 company report net income 166 billion increase 392 billion fy 2019 reflect substantial improvement fy 2020 net income rise 443 billion indicate sustain profitability microsofts eps increase significantly period fy 2018 eps 213 surge 506 fy 2019 improve 576 fy 2020 demonstrate company strong earn growth msfts stock price exhibit robust performance period share price saw consistent gain microsoft become one world valuable publicly trade company stock benefit company strong financial performance position leader cloud compute productivity software microsoft know dividend payment dividend growth company consistently increase quarterly dividend period provide income shareholder microsofts success period drive cloud compute segment azure experience significant growth gain market share additionally office 365 suite productivity software continue popular among business individual microsoft make strategic acquisition period include purchase github enhance developer ecosystem acquisition linkedin add suite business service microsofts market capitalization increase substantially solidify position one largest technology company globally,0.9974,0.34,0.006,0.654,0.377777778,0.22962963,0.06703,0.09045,0.1328
3,AMZN,"Amazon experienced robust revenue growth during this period. In 2018, the company reported net sales of $232.9 billion. This increased to $280.5 billion in 2019, marking substantial growth. In 2020, net sales surged further to $386.1 billion, driven by increased demand during the COVID-19 pandemic.
Amazon's net income showed variations during these years. In 2018, the company reported a net income of $10.1 billion. However, in 2019, net income decreased to $11.6 billion due to increased spending on expansion and infrastructure. In 2020, net income rebounded significantly, reaching $21.3 billion, as the pandemic accelerated e-commerce and cloud computing adoption.
Amazon's EPS followed a similar pattern. In 2018, the EPS was $20.14, which increased to $23.01 in 2019 and further improved to $41.83 in 2020, reflecting the company's earnings growth.
AMZN's stock price exhibited strong performance during this period, reflecting its impressive growth and the increasing importance of e-commerce and cloud services. The stock price reached new highs, making Amazon one of the most valuable companies globally.
Amazon does not typically pay dividends. The company has historically reinvested its profits into expansion and innovation rather than distributing them as dividends.
Amazon's core e-commerce business saw tremendous growth, especially during the pandemic, as more consumers turned to online shopping. Amazon Web Services (AWS), the company's cloud computing division, also continued to expand and maintain its leadership position in the cloud industry.
Amazon made significant investments in expanding its distribution network, adding new fulfillment centers, and increasing its delivery capabilities. These investments were aimed at enhancing customer service and reducing delivery times.
During this period, Amazon acquired companies like Whole Foods Market and PillPack, aiming to expand its presence in the grocery and healthcare sectors.
 Amazon's market capitalization grew substantially during this time, reflecting investor confidence in the company's long-term growth potential",amazon experience robust revenue growth period 2018 company report net sale 2329 billion increase 2805 billion 2019 mark substantial growth 2020 net sale surge 3861 billion drive increase demand covid19 pandemic amazon net income show variation year 2018 company report net income 101 billion however 2019 net income decrease 116 billion due increase spend expansion infrastructure 2020 net income rebound significantly reach 213 billion pandemic accelerate ecommerce cloud compute adoption amazon eps follow similar pattern 2018 eps 2014 increase 2301 2019 improve 4183 2020 reflect company earn growth amzns stock price exhibit strong performance period reflect impressive growth increase importance ecommerce cloud service stock price reach new high make amazon one valuable company globally amazon typically pay dividend company historically reinvested profit expansion innovation rather distribute dividend amazon core ecommerce business saw tremendous growth especially pandemic consumer turn online shop amazon web service aws company cloud compute division also continue expand maintain leadership position cloud industry amazon make significant investment expand distribution network add new fulfillment center increase delivery capability investment aim enhance customer service reduce delivery time period amazon acquire company like whole food market pillpack aim expand presence grocery healthcare sector amazon market capitalization grow substantially time reflect investor confidence company longterm growth potential,0.9968,0.344,0.011,0.644,0.422061924,0.119901186,0.06699,0.09151,0.06934
4,GOOGL,"Alphabet experienced consistent revenue growth during this period. In 2018, the company reported consolidated revenues of $136.8 billion, which increased to $161.9 billion in 2019, marking substantial growth. In 2020, despite the challenges of the COVID-19 pandemic, revenues continued to grow, reaching $182.5 billion.
Alphabet's net income also showed strong growth over these years. In 2018, the company reported a net income of $30.7 billion, which increased to $34.3 billion in 2019. In 2020, net income reached $40.3 billion, reflecting sustained profitability and efficiency.
Alphabet's EPS increased consistently during this period. In 2018, the EPS was $43.70, which rose to $49.16 in 2019 and further improved to $58.61 in 2020, indicating strong earnings growth.
GOOGL/GOOG's stock price showed robust performance during this period, reflecting the company's impressive financial performance and its dominant position in the online advertising market. The stock price reached new highs, and Alphabet became one of the most valuable companies in the world.
Alphabet does not typically pay dividends. The company has historically reinvested its profits into research and development and other growth initiatives rather than distributing them as dividends.
Alphabet continued to dominate the online advertising market through its subsidiary Google. Google's advertising revenue saw consistent growth, driven by its search engine, YouTube, and advertising technologies.
Alphabet invested in its cloud computing division, Google Cloud, to compete with industry leaders like Amazon Web Services and Microsoft Azure. Additionally, Alphabet's ""Other Bets"" segment, which includes companies like Waymo and Verily, continued to work on innovative projects, although they contributed a smaller portion of revenue compared to Google's core businesses.
 Alphabet's market capitalization grew substantially during this period, reflecting investor confidence in the company's ability to maintain its leadership in the digital economy.",alphabet experience consistent revenue growth period 2018 company report consolidate revenue 1368 billion increase 1619 billion 2019 mark substantial growth 2020 despite challenge covid19 pandemic revenue continue grow reach 1825 billion alphabet net income also show strong growth year 2018 company report net income 307 billion increase 343 billion 2019 2020 net income reach 403 billion reflect sustain profitability efficiency alphabet eps increase consistently period 2018 eps 4370 rise 4916 2019 improve 5861 2020 indicate strong earn growth googlgoogs stock price show robust performance period reflect company impressive financial performance dominant position online advertise market stock price reach new high alphabet become one valuable company world alphabet typically pay dividend company historically reinvested profit research development growth initiative rather distribute dividend alphabet continue dominate online advertise market subsidiary google google advertise revenue saw consistent growth drive search engine youtube advertise technology alphabet invest cloud compute division google cloud compete industry leader like amazon web service microsoft azure additionally alphabet bet segment include company like waymo verily continue work innovative project although contribute smaller portion revenue compare google core business alphabet market capitalization grow substantially period reflect investor confidence company ability maintain leadership digital economy,0.9952,0.291,0.017,0.691,0.365365419,0.190962567,0.06688,0.07741,0.11044
5,META,"Facebook experienced strong revenue growth during this period. In 2018, the company reported total revenues of $55.8 billion. This increased to $70.7 billion in 2019, marking substantial growth. In 2020, despite the challenges posed by the COVID-19 pandemic, revenues continued to rise, reaching $85.9 billion.
Facebook's net income also showed robust growth over these years. In 2018, the company reported a net income of $22.1 billion, which increased to $18.5 billion in 2019. In 2020, net income reached $29.2 billion, reflecting strong profitability.
Facebook's EPS increased during this period. In 2018, the EPS was $7.57, which increased to $6.43 in 2019 and further improved to $10.09 in 2020, indicating strong earnings growth.
FB's stock price exhibited solid performance during this period, reflecting the company's impressive financial performance and its position as one of the largest social media platforms in the world. The stock price reached new highs, making Facebook one of the most valuable tech companies.
Facebook does not typically pay dividends. Instead, the company has historically reinvested its profits into research and development, acquisitions, and growth initiatives.
Facebook continued to grow its user base across its platforms, including Facebook, Instagram, WhatsApp, and Messenger. These platforms attracted billions of monthly active users, making them highly valuable advertising channels.
Facebook's primary source of revenue is advertising. The company's advertising revenue showed consistent growth, driven by its ability to offer highly targeted and effective advertising solutions to businesses.
Facebook made strategic acquisitions during this period, such as the purchase of WhatsApp and Oculus VR. The company also invested in initiatives like virtual reality (VR) and augmented reality (AR) through its Oculus division.
During this period, Facebook faced increased scrutiny and regulatory challenges related to data privacy, antitrust concerns, and content moderation. These challenges posed potential risks to the company's operations.
In 2021, Facebook underwent a significant corporate rebranding to Meta Platforms, Inc., signaling a strategic shift towards the development of the metaverse and virtual reality technologies.",facebook experience strong revenue growth period 2018 company report total revenue 558 billion increase 707 billion 2019 mark substantial growth 2020 despite challenge pose covid19 pandemic revenue continue rise reach 859 billion facebooks net income also show robust growth year 2018 company report net income 221 billion increase 185 billion 2019 2020 net income reach 292 billion reflect strong profitability facebooks eps increase period 2018 eps 757 increase 643 2019 improve 1009 2020 indicate strong earn growth fbs stock price exhibit solid performance period reflect company impressive financial performance position one largest social medium platform world stock price reach new high make facebook one valuable tech company facebook typically pay dividend instead company historically reinvested profit research development acquisition growth initiative facebook continue grow user base across platform include facebook instagram whatsapp messenger platform attract billion monthly active user make highly valuable advertise channel facebooks primary source revenue advertise company advertise revenue show consistent growth drive ability offer highly target effective advertise solution business facebook make strategic acquisition period purchase whatsapp oculus vr company also invest initiative like virtual reality vr augment reality ar oculus division period facebook face increase scrutiny regulatory challenge relate data privacy antitrust concern content moderation challenge pose potential risk company operation 2021 facebook undergo significant corporate rebranding meta platform inc signal strategic shift towards development metaverse virtual reality technology,0.9966,0.305,0.017,0.677,0.468648485,0.138987879,0.06698,0.08114,0.08038
6,BRK-B,"Berkshire Hathaway's revenue growth during this period was influenced by its diverse portfolio of businesses. In 2018, the company reported revenue of $247.8 billion. This increased to $254.6 billion in 2019, reflecting modest growth. In 2020, revenues declined to $245.5 billion, primarily due to the impact of the COVID-19 pandemic on some of its businesses, such as insurance and manufacturing.
Berkshire Hathaway's net income showed variations during these years. In 2018, the company reported a net income of $4.0 billion, which increased significantly to $81.4 billion in 2019. However, in 2020, net income decreased to $42.5 billion, primarily due to investment losses associated with the pandemic.
The company's earnings per share also followed a similar pattern. In 2018, the EPS was $2,529.46, which surged to $49,746.92 in 2019, driven by the significant net income increase. In 2020, the EPS decreased to $27,430.86 due to lower net income.
BRK.B/BRK.A's stock price exhibited mixed performance during this period. The stock price reached new highs in 2019, reflecting strong earnings and the company's reputation for value investing. However, the stock experienced some volatility in 2020, influenced by the pandemic's economic impact.
Berkshire Hathaway does not typically pay dividends. Instead, the company's chairman and CEO, Warren Buffett, prefers to reinvest profits into its businesses or make strategic acquisitions.
Berkshire Hathaway's portfolio includes a wide range of businesses, including insurance, utilities, manufacturing, retail, and more. The company's diversified holdings provide stability and the potential for growth across various economic conditions.
Berkshire Hathaway has a significant investment portfolio, including holdings in publicly traded companies like Apple, Coca-Cola, and American Express. The performance of these investments can impact the company's overall financial results.
Berkshire Hathaway is known for making strategic acquisitions. During this period, the company acquired Precision Castparts, a major aerospace manufacturer, and made investments in various other companies.
The company's leadership by Warren Buffett, one of the most renowned investors in the world, is a key factor in its investment strategy and decision-making.",berkshire hathaway revenue growth period influence diverse portfolio business 2018 company report revenue 2478 billion increase 2546 billion 2019 reflect modest growth 2020 revenue decline 2455 billion primarily due impact covid19 pandemic business insurance manufacture berkshire hathaway net income show variation year 2018 company report net income 40 billion increase significantly 814 billion 2019 however 2020 net income decrease 425 billion primarily due investment loss associate pandemic company earn per share also follow similar pattern 2018 eps 252946 surge 4974692 2019 drive significant net income increase 2020 eps decrease 2743086 due lower net income brkbbrkas stock price exhibit mix performance period stock price reach new high 2019 reflect strong earn company reputation value invest however stock experience volatility 2020 influence pandemic economic impact berkshire hathaway typically pay dividend instead company chairman ceo warren buffett prefer reinvest profit business make strategic acquisition berkshire hathaway portfolio include wide range business include insurance utility manufacture retail company diversify hold provide stability potential growth across various economic condition berkshire hathaway significant investment portfolio include hold publicly trade company like apple cocacola american express performance investment impact company overall financial result berkshire hathaway know make strategic acquisition period company acquire precision castparts major aerospace manufacturer make investment various company company leadership warren buffett one renowned investor world key factor investment strategy decisionmaking,0.9712,0.137,0.025,0.838,0.40153605,0.061225183,0.06527,0.03645,0.03541
7,JNJ,"Johnson & Johnson is a diversified healthcare company with multiple business segments. In 2018, the company reported total sales of $81.6 billion. This increased to $82.1 billion in 2019, reflecting modest growth. In 2020, revenues rose significantly to $82.6 billion, driven in part by increased demand for pharmaceutical and consumer health products during the COVID-19 pandemic.
Johnson & Johnson's net income showed variations during these years. In 2018, the company reported a net income of $15.3 billion, which decreased slightly to $15.1 billion in 2019. In 2020, net income rebounded to $14.7 billion, primarily due to increased sales.
The company's earnings per share also followed a similar pattern. In 2018, the EPS was $5.61, which decreased to $5.61 in 2019 and further declined to $5.39 in 2020.
JNJ's stock price exhibited relatively stable performance during this period, reflecting the company's position as a leading healthcare and pharmaceutical conglomerate. While there were fluctuations, the stock generally maintained its value.
Johnson & Johnson is known for its consistent and growing dividend payments. The company increased its quarterly dividend during these years, which is appealing to income-focused investors. Johnson & Johnson operates in three primary business segments: pharmaceuticals, medical devices, and consumer health. This diversified portfolio helps mitigate risks associated with any one segment and allows for stability and growth potential.
The pharmaceutical segment of JNJ has been a significant driver of revenue and growth. The company has a robust pipeline of drugs and treatments, contributing to its financial performance.
Johnson & Johnson's consumer health products include well-known brands like Tylenol, Band-Aid, and Neutrogena. These products often demonstrate stability and demand, even during economic downturns.
The medical devices segment provides a range of medical equipment and devices, contributing to the company's diversified revenue streams.
During the COVID-19 pandemic, Johnson & Johnson played a critical role by developing and distributing a COVID-19 vaccine, which contributed to its financial results in 2020.
Like many healthcare companies, Johnson & Johnson faced legal and regulatory challenges, including lawsuits related to its talc products and opioids. These challenges can impact the company's reputation and financial results.",johnson johnson diversify healthcare company multiple business segment 2018 company report total sale 816 billion increase 821 billion 2019 reflect modest growth 2020 revenue rise significantly 826 billion drive part increase demand pharmaceutical consumer health product covid19 pandemic johnson johnson net income show variation year 2018 company report net income 153 billion decrease slightly 151 billion 2019 2020 net income rebound 147 billion primarily due increase sale company earn per share also follow similar pattern 2018 eps 561 decrease 561 2019 decline 539 2020 jnjs stock price exhibit relatively stable performance period reflect company position lead healthcare pharmaceutical conglomerate fluctuation stock generally maintain value johnson johnson know consistent grow dividend payment company increase quarterly dividend year appeal incomefocused investor johnson johnson operate three primary business segment pharmaceutical medical device consumer health diversify portfolio help mitigate risk associate one segment allow stability growth potential pharmaceutical segment jnj significant driver revenue growth company robust pipeline drug treatment contribute financial performance johnson johnson consumer health product include wellknown brand like tylenol bandaid neutrogena product often demonstrate stability demand even economic downturn medical device segment provide range medical equipment device contribute company diversify revenue stream covid19 pandemic johnson johnson play critical role develop distribute covid19 vaccine contribute financial result 2020 like many healthcare company johnson johnson face legal regulatory challenge include lawsuit relate talc product opioids challenge impact company reputation financial result,0.9814,0.172,0.036,0.792,0.318910256,0.083012821,0.06596,0.04576,0.04801
8,V,"Visa is a global payments technology company. In 2018, the company reported net operating revenue of $20.6 billion. This increased to $22.9 billion in 2019, reflecting solid growth. In 2020, despite the challenges of the COVID-19 pandemic, Visa's revenue reached $21.8 billion.
Visa's net income showed variations during these years. In 2018, the company reported a net income of $10.3 billion, which increased to $12.1 billion in 2019. However, in 2020, net income decreased to $10.9 billion, primarily due to the pandemic's impact on global economic activity.
The company's earnings per share also followed a similar pattern. In 2018, the EPS was $4.42, which increased to $5.32 in 2019 and decreased to $4.96 in 2020.
Visa's stock price exhibited strong performance during this period, reflecting its position as a leader in the global payments industry. The stock reached new highs, making Visa one of the most valuable financial services companies.
Visa is known for its consistent dividend payments and dividend growth. The company increased its quarterly dividend during these years, which is attractive to income-focused investors.
Visa operates one of the largest global payments networks, facilitating electronic funds transfers and payment processing for millions of businesses and consumers worldwide.
Visa benefited from the ongoing shift from cash to digital payments during this period. The increasing adoption of e-commerce and mobile payments contributed to the company's growth.
Visa forged strategic partnerships and made acquisitions to expand its presence in the payments ecosystem. For example, the acquisition of Plaid in 2020 aimed to enhance Visa's capabilities in connecting consumers' bank accounts to fintech apps.
While Visa's business was impacted by reduced travel and spending during the pandemic, the company adapted by focusing on digital and contactless payments, which gained importance during social distancing measures. Visa operates in a highly regulated industry, which can impact its operations and profitability. Changes in regulations can affect transaction fees and business practices.
Visa faces competition from other payment networks like Mastercard, as well as emerging fintech companies and digital payment platforms.",visa global payment technology company 2018 company report net operate revenue 206 billion increase 229 billion 2019 reflect solid growth 2020 despite challenge covid19 pandemic visa revenue reach 218 billion visa net income show variation year 2018 company report net income 103 billion increase 121 billion 2019 however 2020 net income decrease 109 billion primarily due pandemic impact global economic activity company earn per share also follow similar pattern 2018 eps 442 increase 532 2019 decrease 496 2020 visa stock price exhibit strong performance period reflect position leader global payment industry stock reach new high make visa one valuable financial service company visa know consistent dividend payment dividend growth company increase quarterly dividend year attractive incomefocused investor visa operate one largest global payment network facilitate electronic fund transfer payment process million business consumer worldwide visa benefit ongoing shift cash digital payment period increase adoption ecommerce mobile payment contribute company growth visa forge strategic partnership make acquisition expand presence payment ecosystem example acquisition plaid 2020 aim enhance visa capability connect consumer bank account fintech apps visa business impact reduce travel spend pandemic company adapt focus digital contactless payment gain importance social distance measure visa operate highly regulate industry impact operation profitability change regulation affect transaction fee business practice visa face competition payment network like mastercard well emerge fintech company digital payment platform,0.9919,0.209,0.005,0.787,0.202588933,0.089044796,0.06666,0.0556,0.0515
9,JPM,"JPMorgan Chase is one of the largest financial institutions in the world. In 2018, the company reported total net revenue of $109.0 billion. This increased to $115.6 billion in 2019, reflecting solid growth. In 2020, despite the economic challenges posed by the COVID-19 pandemic, revenues reached $122.9 billion.
JPMorgan Chase's net income also showed variations during these years. In 2018, the company reported a net income of $32.5 billion, which increased to $36.4 billion in 2019. In 2020, net income decreased to $29.1 billion, primarily due to the pandemic's impact on the economy.
The company's earnings per share followed a similar pattern. In 2018, the EPS was $9.00, which increased to $10.72 in 2019 and decreased to $8.52 in 2020.
JPM's stock price exhibited variations during this period, reflecting the broader economic conditions and the impact of the pandemic on financial markets. The stock remained a significant component of the financial sector.
JPMorgan Chase is known for its consistent dividend payments and dividend growth. However, during the pandemic, the Federal Reserve temporarily restricted dividend payments for major banks, including JPM, to conserve capital.
JPMorgan Chase offers a wide range of financial services, including banking, asset management, investment banking, and consumer lending. The company's diversification helps it navigate economic cycles.
The consumer banking segment is a significant part of JPM's business, providing services like checking and savings accounts, mortgages, and credit cards. The bank has a large retail presence, serving millions of consumers.
JPMorgan Chase is a leader in investment banking, providing advisory services, underwriting, and trading services to corporations and institutions globally.
The company's asset management division manages assets for both institutional and individual clients, contributing to its diversified revenue streams.
JPMorgan Chase, like other financial institutions, adapted to the pandemic by implementing remote work arrangements and assisting customers and businesses impacted by the economic fallout.
The financial industry is highly regulated, and changes in regulations can impact JPM's operations and profitability. Compliance with regulatory requirements is a critical aspect of the company's operations.
JPMorgan Chase faces competition from other large banks, regional banks, and fintech companies. The financial sector is highly competitive, with companies vying for market share and customer loyalty.",jpmorgan chase one largest financial institution world 2018 company report total net revenue 1090 billion increase 1156 billion 2019 reflect solid growth 2020 despite economic challenge pose covid19 pandemic revenue reach 1229 billion jpmorgan chase net income also show variation year 2018 company report net income 325 billion increase 364 billion 2019 2020 net income decrease 291 billion primarily due pandemic impact economy company earn per share follow similar pattern 2018 eps 900 increase 1072 2019 decrease 852 2020 jpms stock price exhibit variation period reflect broader economic condition impact pandemic financial market stock remain significant component financial sector jpmorgan chase know consistent dividend payment dividend growth however pandemic federal reserve temporarily restrict dividend payment major bank include jpm conserve capital jpmorgan chase offer wide range financial service include bank asset management investment bank consumer lend company diversification help navigate economic cycle consumer bank segment significant part jpms business provide service like check save account mortgage credit card bank large retail presence serve million consumer jpmorgan chase leader investment bank provide advisory service underwrite trade service corporation institution globally company asset management division manage asset institutional individual client contribute diversify revenue stream jpmorgan chase like financial institution adapt pandemic implement remote work arrangement assist customer business impact economic fallout financial industry highly regulate change regulation impact jpms operation profitability compliance regulatory requirement critical aspect company operation jpmorgan chase face competition large bank regional bank fintech company financial sector highly competitive company vie market share customer loyalty,0.9893,0.185,0.022,0.793,0.270691964,0.071439732,0.06649,0.04922,0.04131
10,PG,"Procter & Gamble is a consumer goods company known for its wide range of products. In 2018, the company reported net sales of $66.8 billion. This increased to $67.7 billion in 2019, reflecting modest growth. In 2020, despite economic challenges posed by the COVID-19 pandemic, revenues further increased to $71.0 billion.
Procter & Gamble's net income showed variations during these years. In 2018, the company reported a net income of $12.9 billion, which increased to $15.3 billion in 2019. In 2020, net income reached $13.9 billion, reflecting the impact of the pandemic on certain product categories.
The company's earnings per share also followed a similar pattern. In 2018, the EPS was $4.22, which increased to $5.59 in 2019 and decreased to $5.20 in 2020.
PG's stock price exhibited relatively stable performance during this period, reflecting the company's reputation for providing essential consumer products and its position as a defensive stock. The stock generally maintained its value.
Procter & Gamble is known for its consistent dividend payments and long history of dividend increases. The company increased its quarterly dividend during these years, appealing to income-focused investors.
Procter & Gamble manufactures and markets a wide range of consumer products, including brands like Pampers, Tide, Gillette, and Crest. This diversification helps mitigate risks associated with any one product category.
PG operates in the consumer staples sector, which tends to be less cyclical and more defensive during economic downturns. Consumer staples products are considered essential, and demand for them is relatively stable.
During the COVID-19 pandemic, Procter & Gamble's products, especially cleaning and personal hygiene products, experienced increased demand. The company adapted to the situation by ramping up production and ensuring product availability.
Procter & Gamble faces competition from other consumer goods companies, both large and small. The consumer goods industry is competitive, with companies constantly innovating and marketing their products to consumers.
PG has been actively working on sustainability and environmental initiatives, which align with changing consumer preferences and regulatory trends.
Procter & Gamble has a significant global presence, which exposes it to currency exchange rate fluctuations and geopolitical risks.",procter gamble consumer good company know wide range product 2018 company report net sale 668 billion increase 677 billion 2019 reflect modest growth 2020 despite economic challenge pose covid19 pandemic revenue increase 710 billion procter gamble net income show variation year 2018 company report net income 129 billion increase 153 billion 2019 2020 net income reach 139 billion reflect impact pandemic certain product category company earn per share also follow similar pattern 2018 eps 422 increase 559 2019 decrease 520 2020 pgs stock price exhibit relatively stable performance period reflect company reputation provide essential consumer product position defensive stock stock generally maintain value procter gamble know consistent dividend payment long history dividend increase company increase quarterly dividend year appeal incomefocused investor procter gamble manufacture market wide range consumer product include brand like pamper tide gillette crest diversification help mitigate risk associate one product category pg operate consumer staple sector tend le cyclical defensive economic downturn consumer staple product consider essential demand relatively stable covid19 pandemic procter gamble product especially clean personal hygiene product experience increase demand company adapt situation ramp production ensure product availability procter gamble face competition consumer good company large small consumer good industry competitive company constantly innovate market product consumer pg actively work sustainability environmental initiative align change consumer preference regulatory trend procter gamble significant global presence expose currency exchange rate fluctuation geopolitical risk,0.9921,0.232,0.038,0.73,0.36408046,0.131157635,0.06667,0.06172,0.07585
11,WMT,"Walmart is one of the world's largest retail companies. In 2018, the company reported total revenue of $500.3 billion. This increased to $514.4 billion in 2019, reflecting steady growth. In 2020, amid the challenges posed by the COVID-19 pandemic, revenues surged to $559.2 billion as consumers increased their spending on essential items.
Walmart's net income also showed variations during these years. In 2018, the company reported a net income of $9.9 billion, which increased to $14.9 billion in 2019. In 2020, net income reached $13.5 billion, reflecting the impact of pandemic-related expenses.
The company's earnings per share followed a similar pattern. In 2018, the EPS was $3.28, which increased to $5.01 in 2019 and decreased to $4.75 in 2020.
WMT's stock price exhibited strong performance during this period, reflecting the company's position as a leading retailer and its status as a defensive stock. The stock generally maintained its value and saw gains, especially during the pandemic.
Walmart is known for its consistent dividend payments and dividend growth. The company increased its dividend during these years, making it appealing to income-focused investors.
Walmart operates a diverse portfolio of retail formats, including supercenters, warehouse clubs, and e-commerce. This diversification helps it cater to a wide range of consumer needs.
Walmart's e-commerce business experienced significant growth during this period. The company invested in expanding its online presence and grocery delivery services to compete with online retailers.
During the COVID-19 pandemic, Walmart's stores and online platform played a crucial role in supplying essential goods and groceries to consumers. The company adapted to the situation by implementing safety measures and expanding online fulfillment capabilities.
Walmart faces competition from both traditional retailers and e-commerce giants like Amazon. The retail industry is highly competitive, and companies must continuously innovate to maintain their market share.
Walmart has a significant global presence, with operations in multiple countries. This exposes the company to currency exchange rate fluctuations and geopolitical risks.
Walmart has been actively working on sustainability and environmental initiatives, which align with changing consumer preferences and regulatory trends.
Walmart has been investing in technology, including artificial intelligence and data analytics, to improve its supply chain efficiency and customer experience.",walmart one world largest retail company 2018 company report total revenue 5003 billion increase 5144 billion 2019 reflect steady growth 2020 amid challenge pose covid19 pandemic revenue surge 5592 billion consumer increase spend essential item walmarts net income also show variation year 2018 company report net income 99 billion increase 149 billion 2019 2020 net income reach 135 billion reflect impact pandemicrelated expense company earn per share follow similar pattern 2018 eps 328 increase 501 2019 decrease 475 2020 wmts stock price exhibit strong performance period reflect company position lead retailer status defensive stock stock generally maintain value saw gain especially pandemic walmart know consistent dividend payment dividend growth company increase dividend year make appeal incomefocused investor walmart operate diverse portfolio retail format include supercenters warehouse club ecommerce diversification help cater wide range consumer need walmarts ecommerce business experience significant growth period company invest expand online presence grocery delivery service compete online retailer covid19 pandemic walmarts store online platform play crucial role supply essential good grocery consumer company adapt situation implement safety measure expand online fulfillment capability walmart face competition traditional retailer ecommerce giant like amazon retail industry highly competitive company must continuously innovate maintain market share walmart significant global presence operation multiple country expose company currency exchange rate fluctuation geopolitical risk walmart actively work sustainability environmental initiative align change consumer preference regulatory trend walmart invest technology include artificial intelligence data analytics improve supply chain efficiency customer experience,0.9957,0.267,0.013,0.72,0.515555556,0.069861111,0.06692,0.07103,0.0404
12,MA,"Mastercard is a global payments technology company. In 2018, the company reported net revenue of $15.0 billion. This increased to $16.9 billion in 2019, reflecting solid growth. In 2020, despite the economic challenges posed by the COVID-19 pandemic, revenues reached $15.3 billion.
Mastercard's net income showed variations during these years. In 2018, the company reported a net income of $6.4 billion, which increased to $8.1 billion in 2019. In 2020, net income decreased to $6.4 billion, primarily due to the pandemic's impact on global economic activity.
The company's earnings per share also followed a similar pattern. In 2018, the EPS was $6.40, which increased to $7.87 in 2019 and decreased to $6.36 in 2020.
MA's stock price exhibited variations during this period, reflecting the broader economic conditions and the impact of the pandemic on financial markets. The stock generally maintained its value and remained a significant component of the financial sector.
Mastercard is known for its consistent dividend payments and modest dividend growth. The company increased its quarterly dividend during these years, which can be attractive to income-focused investors.
Mastercard operates one of the largest global payments networks, facilitating electronic funds transfers and payment processing for millions of businesses and consumers worldwide.
Mastercard benefited from the ongoing shift from cash to digital payments during this period. The increasing adoption of e-commerce, contactless payments, and mobile wallets contributed to the company's growth.
During the COVID-19 pandemic, Mastercard adapted to changing consumer behavior by promoting contactless payments and digital transactions. The company also facilitated philanthropic efforts to support relief efforts.
Mastercard faces competition from other payment networks like Visa, as well as emerging fintech companies and digital payment platforms. The payments industry is highly competitive, with companies vying for market share and innovation.
The financial industry, including payments networks, is subject to regulation, which can impact operations and profitability. Compliance with regulatory requirements is essential for the company.
Mastercard has been actively working on sustainability and environmental initiatives, which align with changing consumer preferences and regulatory trends. Mastercard has been investing in technology, including artificial intelligence and data analytics, to improve its payment processing capabilities and enhance security.",mastercard global payment technology company 2018 company report net revenue 150 billion increase 169 billion 2019 reflect solid growth 2020 despite economic challenge pose covid19 pandemic revenue reach 153 billion mastercards net income show variation year 2018 company report net income 64 billion increase 81 billion 2019 2020 net income decrease 64 billion primarily due pandemic impact global economic activity company earn per share also follow similar pattern 2018 eps 640 increase 787 2019 decrease 636 2020 ma stock price exhibit variation period reflect broader economic condition impact pandemic financial market stock generally maintain value remain significant component financial sector mastercard know consistent dividend payment modest dividend growth company increase quarterly dividend year attractive incomefocused investor mastercard operate one largest global payment network facilitate electronic fund transfer payment process million business consumer worldwide mastercard benefit ongoing shift cash digital payment period increase adoption ecommerce contactless payment mobile wallet contribute company growth covid19 pandemic mastercard adapt change consumer behavior promote contactless payment digital transaction company also facilitate philanthropic effort support relief effort mastercard face competition payment network like visa well emerge fintech company digital payment platform payment industry highly competitive company vie market share innovation financial industry include payment network subject regulation impact operation profitability compliance regulatory requirement essential company mastercard actively work sustainability environmental initiative align change consumer preference regulatory trend mastercard invest technology include artificial intelligence data analytics improve payment process capability enhance security,0.995,0.244,0.004,0.752,0.268045977,0.045172414,0.06687,0.06491,0.02612
13,UNH,"UnitedHealth Group is one of the largest healthcare companies in the world. In 2018, the company reported total revenues of $226.2 billion. This increased to $242.2 billion in 2019, reflecting solid growth. In 2020, amid the challenges posed by the COVID-19 pandemic, revenues reached $257.1 billion.
UnitedHealth Group's net income showed consistent growth during these years. In 2018, the company reported a net income of $12.2 billion, which increased to $13.8 billion in 2019 and further improved to $15.4 billion in 2020.
The company's earnings per share also followed a similar pattern. In 2018, the EPS was $12.51, which increased to $14.30 in 2019 and further improved to $16.22 in 2020.
UNH's stock price exhibited strong performance during this period, reflecting the company's leadership in the healthcare and insurance sectors. The stock generally maintained its value and saw gains, especially during the pandemic.
UnitedHealth Group is known for its consistent dividend payments and dividend growth. The company increased its quarterly dividend during these years, which can be attractive to income-focused investors.
UnitedHealth Group operates a diverse portfolio of healthcare businesses, including UnitedHealthcare, Optum, and its health services division. This diversification helps mitigate risks associated with any one segment.
UnitedHealthcare is one of the largest health insurance providers in the United States. The health insurance segment is a significant part of the company's business.
Optum provides a wide range of healthcare services, including pharmacy benefits management, healthcare consulting, and data analytics. It contributes to the company's diversified revenue streams.
During the COVID-19 pandemic, UnitedHealth Group played a critical role in providing healthcare services, telehealth, and support to communities in need.
UnitedHealth Group faces competition in both the health insurance and healthcare services sectors. The healthcare industry is highly competitive, with companies striving to provide high-quality care and innovative solutions.
The healthcare industry is subject to extensive regulation, which can impact operations and profitability. Compliance with healthcare regulations is essential for the company.
UnitedHealth Group has made strategic acquisitions and expanded its footprint in various healthcare segments, positioning itself for growth and diversification.",unitedhealth group one largest healthcare company world 2018 company report total revenue 2262 billion increase 2422 billion 2019 reflect solid growth 2020 amid challenge pose covid19 pandemic revenue reach 2571 billion unitedhealth group net income show consistent growth year 2018 company report net income 122 billion increase 138 billion 2019 improve 154 billion 2020 company earn per share also follow similar pattern 2018 eps 1251 increase 1430 2019 improve 1622 2020 unhs stock price exhibit strong performance period reflect company leadership healthcare insurance sector stock generally maintain value saw gain especially pandemic unitedhealth group know consistent dividend payment dividend growth company increase quarterly dividend year attractive incomefocused investor unitedhealth group operate diverse portfolio healthcare business include unitedhealthcare optum health service division diversification help mitigate risk associate one segment unitedhealthcare one largest health insurance provider unite state health insurance segment significant part company business optum provide wide range healthcare service include pharmacy benefit management healthcare consult data analytics contribute company diversify revenue stream covid19 pandemic unitedhealth group play critical role provide healthcare service telehealth support community need unitedhealth group face competition health insurance healthcare service sector healthcare industry highly competitive company strive provide highquality care innovative solution healthcare industry subject extensive regulation impact operation profitability compliance healthcare regulation essential company unitedhealth group make strategic acquisition expand footprint various healthcare segment position growth diversification,0.9952,0.266,0.017,0.717,0.50325,0.127583333,0.06688,0.07076,0.07378
14,HD,"Home Depot is one of the largest home improvement retailers in the world. In 2018, the company reported total revenues of $108.2 billion. This increased to $110.2 billion in 2019, reflecting steady growth. In 2020, amid the challenges posed by the COVID-19 pandemic, revenues surged to $132.1 billion as consumers increased spending on home improvement projects.
Home Depot's net income showed variations during these years. In 2018, the company reported a net income of $11.1 billion, which increased to $11.2 billion in 2019. In 2020, net income reached $12.9 billion, reflecting the impact of increased demand during the pandemic.
The company's earnings per share also followed a similar pattern. In 2018, the EPS was $9.73, which increased to $10.25 in 2019 and further improved to $11.94 in 2020.
HD's stock price exhibited strong performance during this period, reflecting the company's leadership in the home improvement retail sector. The stock generally maintained its value and saw gains, especially during the pandemic.
Home Depot is known for its consistent dividend payments and dividend growth. The company increased its quarterly dividend during these years, which can be attractive to income-focused investors.
Home Depot operates a vast network of home improvement stores, providing a wide range of products and services to consumers and contractors.
During the COVID-19 pandemic, Home Depot experienced increased demand as consumers spent more time at home and invested in home improvement projects. The company implemented safety measures and adapted its operations to meet customer needs during the pandemic.
Home Depot invested in its online platform and e-commerce capabilities, which became crucial during the pandemic. The company's online sales saw significant growth during this period.
Home Depot faces competition from other home improvement retailers like Lowe's, as well as online marketplaces and local hardware stores. The home improvement retail industry is competitive, with companies striving to offer a wide range of products and excellent customer service.
Home Depot's operations depend on efficient supply chain and inventory management. Managing inventory levels and ensuring product availability are critical for the company.
Home Depot serves both do-it-yourself (DIY) customers and professional contractors. Catering to the needs of both segments is important for the company's success.
Homeownership trends and the overall health of the housing market can impact Home Depot's business. A strong housing market often leads to increased spending on home improvement.",home depot one largest home improvement retailer world 2018 company report total revenue 1082 billion increase 1102 billion 2019 reflect steady growth 2020 amid challenge pose covid19 pandemic revenue surge 1321 billion consumer increase spend home improvement project home depot net income show variation year 2018 company report net income 111 billion increase 112 billion 2019 2020 net income reach 129 billion reflect impact increase demand pandemic company earn per share also follow similar pattern 2018 eps 973 increase 1025 2019 improve 1194 2020 hds stock price exhibit strong performance period reflect company leadership home improvement retail sector stock generally maintain value saw gain especially pandemic home depot know consistent dividend payment dividend growth company increase quarterly dividend year attractive incomefocused investor home depot operate vast network home improvement store provide wide range product service consumer contractor covid19 pandemic home depot experience increase demand consumer spend time home invest home improvement project company implement safety measure adapt operation meet customer need pandemic home depot invest online platform ecommerce capability become crucial pandemic company online sale saw significant growth period home depot face competition home improvement retailer like low well online marketplace local hardware store home improvement retail industry competitive company strive offer wide range product excellent customer service home depot operation depend efficient supply chain inventory management manage inventory level ensure product availability critical company home depot serve doityourself diy customer professional contractor cater need segment important company success homeownership trend overall health house market impact home depot business strong house market often lead increase spend home improvement,0.9977,0.306,0.023,0.671,0.509666667,0.164333333,0.06705,0.0814,0.09504
15,INTC,"In 2018, Intel reported total revenues of $70.8 billion. This increased to $72.0 billion in 2019, reflecting modest growth. However, in 2020, revenues dipped to $77.9 billion, partly due to the economic challenges posed by the COVID-19 pandemic.
Intel's net income showed variations during these years. In 2018, the company reported a net income of $21.0 billion, which decreased slightly to $21.0 billion in 2019. In 2020, net income increased to $20.9 billion despite the pandemic's impact.
The company's earnings per share also followed a similar pattern. In 2018, the EPS was $4.48, which remained stable at $4.42 in 2019 and increased slightly to $4.94 in 2020.
INTC's stock price exhibited variations during this period, reflecting changes in market sentiment and competition in the semiconductor industry. The stock generally maintained its value but faced challenges.
Intel is known for its consistent dividend payments and dividend growth. The company increased its quarterly dividend during these years, which can be attractive to income-focused investors.
Intel is a leading player in the semiconductor industry, manufacturing a wide range of microprocessors and other semiconductor products for various applications, including data centers and personal computing.
Intel faces intense competition in the semiconductor market from companies like AMD, NVIDIA, and others. The industry is highly competitive, with rapid technological advancements and changing market dynamics.
Intel has a history of technological innovation, but it faced delays in its 10nm chip production during this period, which impacted its competitive position.
Intel's data center segment is a significant part of its business, providing chips for servers and cloud computing. Demand for data center products remained strong during this period.
Intel also serves the personal computing market, providing processors for laptops and desktops. The PC market saw fluctuations during these years, with periods of growth and decline.
Intel, like other tech companies, adapted to remote work arrangements and changing customer needs during the pandemic. The company also invested in technology to support pandemic-related initiatives.
Intel continues to invest heavily in research and development to remain competitive and develop cutting-edge technologies.",2018 intel report total revenue 708 billion increase 720 billion 2019 reflect modest growth however 2020 revenue dip 779 billion partly due economic challenge pose covid19 pandemic intels net income show variation year 2018 company report net income 210 billion decrease slightly 210 billion 2019 2020 net income increase 209 billion despite pandemic impact company earn per share also follow similar pattern 2018 eps 448 remain stable 442 2019 increase slightly 494 2020 intcs stock price exhibit variation period reflect change market sentiment competition semiconductor industry stock generally maintain value face challenge intel know consistent dividend payment dividend growth company increase quarterly dividend year attractive incomefocused investor intel lead player semiconductor industry manufacture wide range microprocessor semiconductor product various application include data center personal compute intel face intense competition semiconductor market company like amd nvidia others industry highly competitive rapid technological advancement change market dynamic intel history technological innovation face delay 10nm chip production period impact competitive position intels data center segment significant part business provide chip server cloud compute demand data center product remain strong period intel also serve personal compute market provide processor laptop desktop pc market saw fluctuation year period growth decline intel like tech company adapt remote work arrangement change customer need pandemic company also invest technology support pandemicrelated initiative intel continue invest heavily research development remain competitive develop cuttingedge technology,0.9905,0.209,0.015,0.776,0.389753086,0.052222222,0.06657,0.0556,0.0302
